{
    "1578151801": {
        "device": "access point", 
        "device-id": "ap1-1", 
        "event": "new client", 
        "guest-id": "Veronica"
    }, 
    "1578151802": {
        "device": "access point", 
        "device-id": "ap1-1", 
        "event": "new client", 
        "guest-id": "Jason"
    }, 
    "1578151804": {
        "device": "access point", 
        "device-id": "ap1-1", 
        "event": "new client", 
        "guest-id": "Thomas"
    }, 
    "1578151817": {
        "device": "access point", 
        "device-id": "ap1-1", 
        "event": "new client", 
        "guest-id": "Eugene"
    }, 
    "1578151818": {
        "device": "access point", 
        "device-id": "ap1-4", 
        "event": "new client", 
        "guest-id": "Salina"
    }, 
    "1578151820": {
        "device": "access point", 
        "device-id": "ap2-1", 
        "event": "new client", 
        "guest-id": "Rob"
    }, 
    "1578151835": {
        "device": "access point", 
        "device-id": "ap1-3", 
        "event": "new client", 
        "guest-id": "Kristina"
    }, 
    "1578151857": {
        "device": "access point", 
        "device-id": "ap1-1", 
        "event": "new client", 
        "guest-id": "Alok"
    }, 
    "1578151859": {
        "device": "access point", 
        "device-id": "ap1-4", 
        "event": "user connected", 
        "guest-id": "Veronica"
    }, 
    "1578151866": {
        "device": "door sensor", 
        "device-id": "110", 
        "event": "door closed", 
        "guest-id": "n/a"
    }, 
    "1578151886": {
        "device": "access point", 
        "device-id": "ap1-2", 
        "event": "user connected", 
        "guest-id": "Veronica"
    }, 
    "1578152224": {
        "device": "access point", 
        "device-id": "ap1-4", 
        "event": "user connected", 
        "guest-id": "Veronica"
    }, 
    "1578152244": {
        "device": "access point", 
        "device-id": "ap1-1", 
        "event": "user connected", 
        "guest-id": "Veronica"
    }, 
    "1578152254": {
        "device": "door sensor", 
        "device-id": "110", 
        "event": "successful keycard unlock", 
        "guest-id": "Veronica"
    }, 
    "1578152261": {
        "device": "door sensor", 
        "device-id": "110", 
        "event": "door closed", 
        "guest-id": "n/a"
    }, 
    "1578152263": {
        "device": "access point", 
        "device-id": "ap1-4", 
        "event": "user connected", 
        "guest-id": "Thomas"
    }, 
    "1578152270": {
        "device": "door sensor", 
        "device-id": "110", 
        "event": "door closed", 
        "guest-id": "n/a"
    }, 
    "1578152290": {
        "device": "access point", 
        "device-id": "ap1-2", 
        "event": "user connected", 
        "guest-id": "Thomas"
    }, 
    "1578152628": {
        "device": "access point", 
        "device-id": "ap1-4", 
        "event": "user connected", 
        "guest-id": "Thomas"
    }, 
    "1578152648": {
        "device": "access point", 
        "device-id": "ap1-1", 
        "event": "user connected", 
        "guest-id": "Thomas"
    }, 
    "1578152658": {
        "device": "door sensor", 
        "device-id": "110", 
        "event": "successful keycard unlock", 
        "guest-id": "Thomas"
    }, 
    "1578152665": {
        "device": "door sensor", 
        "device-id": "110", 
        "event": "door closed", 
        "guest-id": "n/a"
    }, 
    "1578153300": {
        "device": "door sensor", 
        "device-id": "110", 
        "event": "unlocked no keycard", 
        "guest-id": "n/a"
    }, 
    "1578154440": {
        "device": "door sensor", 
        "device-id": "110", 
        "event": "unlocked no keycard", 
        "guest-id": "n/a"
    }, 
    "1578155591": {
        "device": "access point", 
        "device-id": "ap1-4", 
        "event": "new client", 
        "guest-id": "Marc-Andre"
    }, 
    "1578155610": {
        "device": "access point", 
        "device-id": "ap1-2", 
        "event": "user connected", 
        "guest-id": "Marc-Andre"
    }, 
    "1578155619": {
        "device": "door sensor", 
        "device-id": "156", 
        "event": "successful keycard unlock", 
        "guest-id": "Marc-Andre"
    }, 
    "1578155622": {
        "device": "door sensor", 
        "device-id": "156b", 
        "event": "successful keycard unlock", 
        "guest-id": "Marc-Andre"
    }, 
    "1578155626": {
        "device": "door sensor", 
        "device-id": "156", 
        "event": "door closed", 
        "guest-id": "n/a"
    }, 
    "1578155629": {
        "device": "door sensor", 
        "device-id": "156b", 
        "event": "door closed", 
        "guest-id": "n/a"
    }, 
    "1578155641": {
        "device": "door sensor", 
        "device-id": "156b", 
        "event": "unlocked no keycard", 
        "guest-id": "n/a"
    }, 
    "1578155644": {
        "device": "door sensor", 
        "device-id": "156", 
        "event": "unlocked no keycard", 
        "guest-id": "n/a"
    }, 
    "1578155645": {
        "device": "door sensor", 
        "device-id": "156b", 
        "event": "door closed", 
        "guest-id": "n/a"
    }, 
    "1578155648": {
        "device": "door sensor", 
        "device-id": "156", 
        "event": "door closed", 
        "guest-id": "n/a"
    }, 
    "1578155652": {
        "device": "access point", 
        "device-id": "ap1-4", 
        "event": "user connected", 
        "guest-id": "Marc-Andre"
    }, 
    "1578155692": {
        "device": "motion sensor", 
        "device-id": "elevator", 
        "event": "motion detected", 
        "guest-id": "n/a"
    }, 
    "1578155702": {
        "device": "access point", 
        "device-id": "ap2-1", 
        "event": "user connected", 
        "guest-id": "Marc-Andre"
    }, 
    "1578155711": {
        "device": "door sensor", 
        "device-id": "233", 
        "event": "successful keycard unlock", 
        "guest-id": "Marc-Andre"
    }, 
    "1578155715": {
        "device": "door sensor", 
        "device-id": "233", 
        "event": "door closed", 
        "guest-id": "n/a"
    }, 
    "1578155861": {
        "device": "motion sensor", 
        "device-id": "elevator", 
        "event": "motion detected", 
        "guest-id": "n/a"
    }, 
    "1578155868": {
        "device": "access point", 
        "device-id": "ap1-4", 
        "event": "user connected", 
        "guest-id": "Rob"
    }, 
    "1578155875": {
        "device": "access point", 
        "device-id": "ap1-2", 
        "event": "user connected", 
        "guest-id": "Rob"
    }, 
    "1578155882": {
        "device": "door sensor", 
        "device-id": "151", 
        "event": "successful keycard unlock", 
        "guest-id": "Rob"
    }, 
    "1578155885": {
        "device": "door sensor", 
        "device-id": "151", 
        "event": "door closed", 
        "guest-id": "n/a"
    }, 
    "1578156902": {
        "device": "access point", 
        "device-id": "ap1-4", 
        "event": "new client", 
        "guest-id": "Dave"
    }, 
    "1578156971": {
        "device": "access point", 
        "device-id": "ap1-3", 
        "event": "user connected", 
        "guest-id": "Dave"
    }, 
    "1578156975": {
        "device": "door sensor", 
        "device-id": "130", 
        "event": "successful keycard unlock", 
        "guest-id": "Dave"
    }, 
    "1578156978": {
        "device": "door sensor", 
        "device-id": "130", 
        "event": "door closed", 
        "guest-id": "n/a"
    }, 
    "1578157207": {
        "device": "door sensor", 
        "device-id": "233", 
        "event": "unlocked no keycard", 
        "guest-id": "n/a"
    }, 
    "1578157209": {
        "device": "door sensor", 
        "device-id": "233", 
        "event": "door closed", 
        "guest-id": "n/a"
    }, 
    "1578157219": {
        "device": "door sensor", 
        "device-id": "231", 
        "event": "successful keycard unlock", 
        "guest-id": "Marc-Andre"
    }, 
    "1578157222": {
        "device": "door sensor", 
        "device-id": "231", 
        "event": "door closed", 
        "guest-id": "n/a"
    }, 
    "1578157324": {
        "device": "door sensor", 
        "device-id": "110", 
        "event": "unlocked no keycard", 
        "guest-id": "n/a"
    }, 
    "1578157330": {
        "device": "access point", 
        "device-id": "ap1-4", 
        "event": "user connected", 
        "guest-id": "Jason"
    }, 
    "1578157341": {
        "device": "access point", 
        "device-id": "ap1-4", 
        "event": "user connected", 
        "guest-id": "Eugene"
    }, 
    "1578157342": {
        "device": "access point", 
        "device-id": "ap1-4", 
        "event": "user connected", 
        "guest-id": "Thomas"
    }, 
    "1578157343": {
        "device": "access point", 
        "device-id": "ap1-4", 
        "event": "user connected", 
        "guest-id": "Alok"
    }, 
    "1578157344": {
        "device": "door sensor", 
        "device-id": "110", 
        "event": "door closed", 
        "guest-id": "n/a"
    }, 
    "1578157348": {
        "device": "access point", 
        "device-id": "ap1-4", 
        "event": "user connected", 
        "guest-id": "Veronica"
    }, 
    "1578157351": {
        "device": "motion sensor", 
        "device-id": "elevator", 
        "event": "motion detected", 
        "guest-id": "n/a"
    }, 
    "1578157354": {
        "device": "access point", 
        "device-id": "ap2-1", 
        "event": "user connected", 
        "guest-id": "Veronica"
    }, 
    "1578157355": {
        "device": "access point", 
        "device-id": "ap1-3", 
        "event": "user connected", 
        "guest-id": "Thomas"
    }, 
    "1578157356": {
        "device": "access point", 
        "device-id": "ap1-3", 
        "event": "user connected", 
        "guest-id": "Eugene"
    }, 
    "1578157358": {
        "device": "access point", 
        "device-id": "ap1-3", 
        "event": "user connected", 
        "guest-id": "Alok"
    }, 
    "1578157365": {
        "device": "door sensor", 
        "device-id": "210", 
        "event": "successful keycard unlock", 
        "guest-id": "Veronica"
    }, 
    "1578157369": {
        "device": "door sensor", 
        "device-id": "210", 
        "event": "door closed", 
        "guest-id": "n/a"
    }, 
    "1578157398": {
        "device": "motion sensor", 
        "device-id": "elevator", 
        "event": "motion detected", 
        "guest-id": "n/a"
    }, 
    "1578157412": {
        "device": "access point", 
        "device-id": "ap2-1", 
        "event": "user connected", 
        "guest-id": "Jason"
    }, 
    "1578158117": {
        "device": "door sensor", 
        "device-id": "231", 
        "event": "unlocked no keycard", 
        "guest-id": "n/a"
    }, 
    "1578158120": {
        "device": "door sensor", 
        "device-id": "231", 
        "event": "door closed", 
        "guest-id": "n/a"
    }, 
    "1578158121": {
        "device": "motion sensor", 
        "device-id": "elevator", 
        "event": "motion detected", 
        "guest-id": "n/a"
    }, 
    "1578158131": {
        "device": "door sensor", 
        "device-id": "210", 
        "event": "successful keycard unlock", 
        "guest-id": "Marc-Andre"
    }, 
    "1578158132": {
        "device": "access point", 
        "device-id": "ap1-4", 
        "event": "user connected", 
        "guest-id": "Jason"
    }, 
    "1578158136": {
        "device": "access point", 
        "device-id": "ap1-3", 
        "event": "user connected", 
        "guest-id": "Jason"
    }, 
    "1578158162": {
        "device": "door sensor", 
        "device-id": "210", 
        "event": "door closed", 
        "guest-id": "n/a"
    }, 
    "1578158171": {
        "device": "door sensor", 
        "device-id": "210", 
        "event": "unlocked no keycard", 
        "guest-id": "n/a"
    }, 
    "1578158177": {
        "device": "door sensor", 
        "device-id": "210", 
        "event": "door closed", 
        "guest-id": "n/a"
    }, 
    "1578158181": {
        "device": "door sensor", 
        "device-id": "232", 
        "event": "successful keycard unlock", 
        "guest-id": "Marc-Andre"
    }, 
    "1578158187": {
        "device": "door sensor", 
        "device-id": "232", 
        "event": "door closed", 
        "guest-id": "n/a"
    }, 
    "1578158592": {
        "device": "door sensor", 
        "device-id": "210", 
        "event": "unlocked no keycard", 
        "guest-id": "n/a"
    }, 
    "1578158595": {
        "device": "door sensor", 
        "device-id": "210", 
        "event": "door closed", 
        "guest-id": "n/a"
    }, 
    "1578158597": {
        "device": "access point", 
        "device-id": "ap1-4", 
        "event": "user connected", 
        "guest-id": "Veronica"
    }, 
    "1578158601": {
        "device": "access point", 
        "device-id": "ap1-2", 
        "event": "user connected", 
        "guest-id": "Veronica"
    }, 
    "1578158607": {
        "device": "door sensor", 
        "device-id": "151", 
        "event": "successful keycard unlock", 
        "guest-id": "Veronica"
    }, 
    "1578158610": {
        "device": "door sensor", 
        "device-id": "151", 
        "event": "door closed", 
        "guest-id": "n/a"
    }, 
    "1578159917": {
        "device": "door sensor", 
        "device-id": "232", 
        "event": "unlocked no keycard", 
        "guest-id": "n/a"
    }, 
    "1578159922": {
        "device": "door sensor", 
        "device-id": "232", 
        "event": "door closed", 
        "guest-id": "n/a"
    }, 
    "1578159961": {
        "device": "door sensor", 
        "device-id": "210", 
        "event": "successful keycard unlock", 
        "guest-id": "Marc-Andre"
    }, 
    "1578159965": {
        "device": "door sensor", 
        "device-id": "210", 
        "event": "door closed", 
        "guest-id": "n/a"
    }, 
    "1578162369": {
        "device": "door sensor", 
        "device-id": "151", 
        "event": "unlocked no keycard", 
        "guest-id": "n/a"
    }, 
    "1578162372": {
        "device": "door sensor", 
        "device-id": "151", 
        "event": "door closed", 
        "guest-id": "n/a"
    }, 
    "1578162378": {
        "device": "access point", 
        "device-id": "ap1-4", 
        "event": "user connected", 
        "guest-id": "Rob"
    }, 
    "1578162395": {
        "device": "motion sensor", 
        "device-id": "elevator", 
        "event": "motion detected", 
        "guest-id": "n/a"
    }, 
    "1578162400": {
        "device": "access point", 
        "device-id": "ap2-1", 
        "event": "user connected", 
        "guest-id": "Rob"
    }, 
    "1578162411": {
        "device": "door sensor", 
        "device-id": "231", 
        "event": "successful keycard unlock", 
        "guest-id": "Rob"
    }, 
    "1578162416": {
        "device": "door sensor", 
        "device-id": "231", 
        "event": "door closed", 
        "guest-id": "n/a"
    }, 
    "1578162971": {
        "device": "door sensor", 
        "device-id": "210", 
        "event": "unlocked no keycard", 
        "guest-id": "n/a"
    }, 
    "1578162974": {
        "device": "door sensor", 
        "device-id": "210", 
        "event": "door closed", 
        "guest-id": "n/a"
    }, 
    "1578162985": {
        "device": "access point", 
        "device-id": "ap2-3", 
        "event": "user connected", 
        "guest-id": "Marc-Andre"
    }, 
    "1578163005": {
        "device": "access point", 
        "device-id": "ap2-2", 
        "event": "user connected", 
        "guest-id": "Marc-Andre"
    }, 
    "1578163024": {
        "device": "door sensor", 
        "device-id": "244", 
        "event": "successful keycard unlock", 
        "guest-id": "Marc-Andre"
    }, 
    "1578163026": {
        "device": "door sensor", 
        "device-id": "244", 
        "event": "door closed", 
        "guest-id": "n/a"
    }, 
    "1578163512": {
        "device": "door sensor", 
        "device-id": "231", 
        "event": "unlocked no keycard", 
        "guest-id": "n/a"
    }, 
    "1578163514": {
        "device": "door sensor", 
        "device-id": "231", 
        "event": "door closed", 
        "guest-id": "n/a"
    }, 
    "1578163520": {
        "device": "motion sensor", 
        "device-id": "elevator", 
        "event": "motion detected", 
        "guest-id": "n/a"
    }, 
    "1578163536": {
        "device": "access point", 
        "device-id": "ap1-4", 
        "event": "user connected", 
        "guest-id": "Rob"
    }, 
    "1578163537": {
        "device": "access point", 
        "device-id": "ap1-4", 
        "event": "user connected", 
        "guest-id": "Kristina"
    }, 
    "1578163550": {
        "device": "access point", 
        "device-id": "ap1-4", 
        "event": "user disconnected", 
        "guest-id": "Rob"
    }, 
    "1578163552": {
        "device": "access point", 
        "device-id": "ap1-4", 
        "event": "user disconnected", 
        "guest-id": "Kristina"
    }, 
    "1578164460": {
        "device": "door sensor", 
        "device-id": "151", 
        "event": "unlocked no keycard", 
        "guest-id": "n/a"
    }, 
    "1578164467": {
        "device": "door sensor", 
        "device-id": "151", 
        "event": "door closed", 
        "guest-id": "n/a"
    }, 
    "1578164477": {
        "device": "access point", 
        "device-id": "ap1-3", 
        "event": "user connected", 
        "guest-id": "Veronica"
    }, 
    "1578165000": {
        "device": "door sensor", 
        "device-id": "244", 
        "event": "unlocked no keycard", 
        "guest-id": "n/a"
    }, 
    "1578165005": {
        "device": "door sensor", 
        "device-id": "244", 
        "event": "door closed", 
        "guest-id": "n/a"
    }, 
    "1578165015": {
        "device": "door sensor", 
        "device-id": "248", 
        "event": "successful keycard unlock", 
        "guest-id": "Marc-Andre"
    }, 
    "1578165022": {
        "device": "door sensor", 
        "device-id": "248", 
        "event": "door closed", 
        "guest-id": "n/a"
    }, 
    "1578165950": {
        "device": "access point", 
        "device-id": "ap1-4", 
        "event": "user connected", 
        "guest-id": "Eugene"
    }, 
    "1578165960": {
        "device": "door sensor", 
        "device-id": "110", 
        "event": "successful keycard unlock", 
        "guest-id": "Eugene"
    }, 
    "1578165962": {
        "device": "access point", 
        "device-id": "ap1-1", 
        "event": "user connected", 
        "guest-id": "Eugene"
    }, 
    "1578165967": {
        "device": "door sensor", 
        "device-id": "110", 
        "event": "door closed", 
        "guest-id": "n/a"
    }, 
    "1578166010": {
        "device": "access point", 
        "device-id": "ap1-4", 
        "event": "user connected", 
        "guest-id": "Alok"
    }, 
    "1578166020": {
        "device": "door sensor", 
        "device-id": "110", 
        "event": "successful keycard unlock", 
        "guest-id": "Alok"
    }, 
    "1578166022": {
        "device": "access point", 
        "device-id": "ap1-1", 
        "event": "user connected", 
        "guest-id": "Alok"
    }, 
    "1578166027": {
        "device": "door sensor", 
        "device-id": "110", 
        "event": "door closed", 
        "guest-id": "n/a"
    }, 
    "1578166080": {
        "device": "door sensor", 
        "device-id": "110", 
        "event": "successful keycard unlock", 
        "guest-id": "Jason"
    }, 
    "1578166082": {
        "device": "access point", 
        "device-id": "ap1-1", 
        "event": "user connected", 
        "guest-id": "Jason"
    }, 
    "1578166087": {
        "device": "door sensor", 
        "device-id": "110", 
        "event": "door closed", 
        "guest-id": "n/a"
    }, 
    "1578166130": {
        "device": "access point", 
        "device-id": "ap1-4", 
        "event": "user connected", 
        "guest-id": "Jason"
    }, 
    "1578166250": {
        "device": "access point", 
        "device-id": "ap1-4", 
        "event": "user connected", 
        "guest-id": "Thomas"
    }, 
    "1578166260": {
        "device": "door sensor", 
        "device-id": "110", 
        "event": "successful keycard unlock", 
        "guest-id": "Thomas"
    }, 
    "1578166263": {
        "device": "access point", 
        "device-id": "ap1-1", 
        "event": "user connected", 
        "guest-id": "Thomas"
    }, 
    "1578166267": {
        "device": "door sensor", 
        "device-id": "110", 
        "event": "door closed", 
        "guest-id": "n/a"
    }, 
    "1578166435": {
        "device": "door sensor", 
        "device-id": "130", 
        "event": "unlocked no keycard", 
        "guest-id": "n/a"
    }, 
    "1578166440": {
        "device": "access point", 
        "device-id": "ap1-4", 
        "event": "user connected", 
        "guest-id": "Dave"
    }, 
    "1578166442": {
        "device": "door sensor", 
        "device-id": "130", 
        "event": "door closed", 
        "guest-id": "n/a"
    }, 
    "1578166460": {
        "device": "access point", 
        "device-id": "ap1-4", 
        "event": "user disconnected", 
        "guest-id": "Dave"
    }, 
    "1578166500": {
        "device": "door sensor", 
        "device-id": "248", 
        "event": "unlocked no keycard", 
        "guest-id": "n/a"
    }, 
    "1578166507": {
        "device": "door sensor", 
        "device-id": "248", 
        "event": "door closed", 
        "guest-id": "n/a"
    }, 
    "1578166515": {
        "device": "door sensor", 
        "device-id": "241", 
        "event": "successful keycard unlock", 
        "guest-id": "Marc-Andre"
    }, 
    "1578166522": {
        "device": "door sensor", 
        "device-id": "241", 
        "event": "door closed", 
        "guest-id": "n/a"
    }, 
    "1578166790": {
        "device": "access point", 
        "device-id": "ap1-4", 
        "event": "user connected", 
        "guest-id": "Veronica"
    }, 
    "1578166800": {
        "device": "door sensor", 
        "device-id": "110", 
        "event": "successful keycard unlock", 
        "guest-id": "Veronica"
    }, 
    "1578166801": {
        "device": "access point", 
        "device-id": "ap1-1", 
        "event": "user connected", 
        "guest-id": "Veronica"
    }, 
    "1578166807": {
        "device": "door sensor", 
        "device-id": "110", 
        "event": "door closed", 
        "guest-id": "n/a"
    }, 
    "1578168300": {
        "device": "door sensor", 
        "device-id": "241", 
        "event": "unlocked no keycard", 
        "guest-id": "n/a"
    }, 
    "1578168302": {
        "device": "access point", 
        "device-id": "ap2-3", 
        "event": "user connected", 
        "guest-id": "Marc-Andre"
    }, 
    "1578168307": {
        "device": "door sensor", 
        "device-id": "241", 
        "event": "door closed", 
        "guest-id": "n/a"
    }, 
    "1578168327": {
        "device": "motion sensor", 
        "device-id": "elevator", 
        "event": "motion detected", 
        "guest-id": "n/a"
    }, 
    "1578168340": {
        "device": "access point", 
        "device-id": "ap1-4", 
        "event": "user connected", 
        "guest-id": "Marc-Andre"
    }, 
    "1578168360": {
        "device": "access point", 
        "device-id": "ap1-3", 
        "event": "user connected", 
        "guest-id": "Marc-Andre"
    }, 
    "1578168365": {
        "device": "door sensor", 
        "device-id": "130", 
        "event": "successful keycard unlock", 
        "guest-id": "Marc-Andre"
    }, 
    "1578168372": {
        "device": "door sensor", 
        "device-id": "130", 
        "event": "door closed", 
        "guest-id": "n/a"
    }, 
    "1578168600": {
        "device": "access point", 
        "device-id": "ap1-4", 
        "event": "user connected", 
        "guest-id": "Dave"
    }, 
    "1578168620": {
        "device": "access point", 
        "device-id": "ap1-3", 
        "event": "user connected", 
        "guest-id": "Dave"
    }, 
    "1578168622": {
        "device": "door sensor", 
        "device-id": "130", 
        "event": "successful keycard unlock", 
        "guest-id": "Dave"
    }, 
    "1578168630": {
        "device": "door sensor", 
        "device-id": "130", 
        "event": "door closed", 
        "guest-id": "n/a"
    }, 
    "1578168682": {
        "device": "door sensor", 
        "device-id": "130", 
        "event": "unlocked no keycard", 
        "guest-id": "n/a"
    }, 
    "1578168690": {
        "device": "door sensor", 
        "device-id": "130", 
        "event": "door closed", 
        "guest-id": "n/a"
    }, 
    "1578168692": {
        "device": "access point", 
        "device-id": "ap1-2", 
        "event": "user connected", 
        "guest-id": "Marc-Andre"
    }, 
    "1578168700": {
        "device": "door sensor", 
        "device-id": "155", 
        "event": "successful keycard unlock", 
        "guest-id": "Marc-Andre"
    }, 
    "1578168707": {
        "device": "door sensor", 
        "device-id": "155", 
        "event": "door closed", 
        "guest-id": "n/a"
    }, 
    "1578168709": {
        "device": "access point", 
        "device-id": "ap1-4", 
        "event": "user connected", 
        "guest-id": "Alok"
    }, 
    "1578168716": {
        "device": "door sensor", 
        "device-id": "110", 
        "event": "door closed", 
        "guest-id": "n/a"
    }, 
    "1578168736": {
        "device": "access point", 
        "device-id": "ap1-2", 
        "event": "user connected", 
        "guest-id": "Alok"
    }, 
    "1578168960": {
        "device": "door sensor", 
        "device-id": "110", 
        "event": "unlocked no keycard", 
        "guest-id": "n/a"
    }, 
    "1578169074": {
        "device": "access point", 
        "device-id": "ap1-4", 
        "event": "user connected", 
        "guest-id": "Alok"
    }, 
    "1578169094": {
        "device": "access point", 
        "device-id": "ap1-1", 
        "event": "user connected", 
        "guest-id": "Alok"
    }, 
    "1578169104": {
        "device": "door sensor", 
        "device-id": "110", 
        "event": "successful keycard unlock", 
        "guest-id": "Alok"
    }, 
    "1578169111": {
        "device": "door sensor", 
        "device-id": "110", 
        "event": "door closed", 
        "guest-id": "n/a"
    }, 
    "1578169113": {
        "device": "access point", 
        "device-id": "ap1-4", 
        "event": "user connected", 
        "guest-id": "Veronica"
    }, 
    "1578169120": {
        "device": "door sensor", 
        "device-id": "110", 
        "event": "door closed", 
        "guest-id": "n/a"
    }, 
    "1578169140": {
        "device": "access point", 
        "device-id": "ap1-2", 
        "event": "user connected", 
        "guest-id": "Veronica"
    }, 
    "1578169478": {
        "device": "access point", 
        "device-id": "ap1-4", 
        "event": "user connected", 
        "guest-id": "Veronica"
    }, 
    "1578169498": {
        "device": "access point", 
        "device-id": "ap1-1", 
        "event": "user connected", 
        "guest-id": "Veronica"
    }, 
    "1578169508": {
        "device": "door sensor", 
        "device-id": "110", 
        "event": "successful keycard unlock", 
        "guest-id": "Veronica"
    }, 
    "1578169515": {
        "device": "door sensor", 
        "device-id": "110", 
        "event": "door closed", 
        "guest-id": "n/a"
    }, 
    "1578169800": {
        "device": "door sensor", 
        "device-id": "110", 
        "event": "unlocked no keycard", 
        "guest-id": "n/a"
    }, 
    "1578170640": {
        "device": "door sensor", 
        "device-id": "155", 
        "event": "unlocked no keycard", 
        "guest-id": "n/a"
    }, 
    "1578170647": {
        "device": "door sensor", 
        "device-id": "155", 
        "event": "door closed", 
        "guest-id": "n/a"
    }, 
    "1578170660": {
        "device": "door sensor", 
        "device-id": "151", 
        "event": "successful keycard unlock", 
        "guest-id": "Marc-Andre"
    }, 
    "1578170667": {
        "device": "door sensor", 
        "device-id": "151", 
        "event": "door closed", 
        "guest-id": "n/a"
    }, 
    "1578170669": {
        "device": "access point", 
        "device-id": "ap1-4", 
        "event": "user connected", 
        "guest-id": "Jason"
    }, 
    "1578170676": {
        "device": "door sensor", 
        "device-id": "110", 
        "event": "door closed", 
        "guest-id": "n/a"
    }, 
    "1578170696": {
        "device": "access point", 
        "device-id": "ap1-2", 
        "event": "user connected", 
        "guest-id": "Jason"
    }, 
    "1578172680": {
        "device": "door sensor", 
        "device-id": "110", 
        "event": "unlocked no keycard", 
        "guest-id": "n/a"
    }, 
    "1578172800": {
        "device": "door sensor", 
        "device-id": "151", 
        "event": "unlocked no keycard", 
        "guest-id": "n/a"
    }, 
    "1578172807": {
        "device": "door sensor", 
        "device-id": "151", 
        "event": "door closed", 
        "guest-id": "n/a"
    }, 
    "1578173145": {
        "device": "access point", 
        "device-id": "ap1-4", 
        "event": "user connected", 
        "guest-id": "Jason"
    }, 
    "1578173165": {
        "device": "access point", 
        "device-id": "ap1-1", 
        "event": "user connected", 
        "guest-id": "Jason"
    }, 
    "1578173175": {
        "device": "door sensor", 
        "device-id": "110", 
        "event": "successful keycard unlock", 
        "guest-id": "Jason"
    }, 
    "1578173182": {
        "device": "door sensor", 
        "device-id": "110", 
        "event": "door closed", 
        "guest-id": "n/a"
    }, 
    "1578173184": {
        "device": "access point", 
        "device-id": "ap1-4", 
        "event": "user connected", 
        "guest-id": "Eugene"
    }, 
    "1578173191": {
        "device": "door sensor", 
        "device-id": "110", 
        "event": "door closed", 
        "guest-id": "n/a"
    }, 
    "1578173211": {
        "device": "access point", 
        "device-id": "ap1-2", 
        "event": "user connected", 
        "guest-id": "Eugene"
    }, 
    "1578173220": {
        "device": "door sensor", 
        "device-id": "110", 
        "event": "unlocked no keycard", 
        "guest-id": "n/a"
    }, 
    "1578173549": {
        "device": "access point", 
        "device-id": "ap1-4", 
        "event": "user connected", 
        "guest-id": "Eugene"
    }, 
    "1578173569": {
        "device": "access point", 
        "device-id": "ap1-1", 
        "event": "user connected", 
        "guest-id": "Eugene"
    }, 
    "1578173579": {
        "device": "door sensor", 
        "device-id": "110", 
        "event": "successful keycard unlock", 
        "guest-id": "Eugene"
    }, 
    "1578173586": {
        "device": "door sensor", 
        "device-id": "110", 
        "event": "door closed", 
        "guest-id": "n/a"
    }, 
    "1578174600": {
        "device": "door sensor", 
        "device-id": "156", 
        "event": "successful keycard unlock", 
        "guest-id": "Marc-Andre"
    }, 
    "1578174607": {
        "device": "door sensor", 
        "device-id": "156", 
        "event": "door closed", 
        "guest-id": "n/a"
    }, 
    "1578174840": {
        "device": "door sensor", 
        "device-id": "156b", 
        "event": "successful keycard unlock", 
        "guest-id": "Marc-Andre"
    }, 
    "1578174847": {
        "device": "door sensor", 
        "device-id": "156b", 
        "event": "door closed", 
        "guest-id": "n/a"
    }, 
    "1578175055": {
        "device": "door sensor", 
        "device-id": "156b", 
        "event": "unlocked no keycard", 
        "guest-id": "n/a"
    }, 
    "1578175062": {
        "device": "door sensor", 
        "device-id": "156b", 
        "event": "door closed", 
        "guest-id": "n/a"
    }, 
    "1578175065": {
        "device": "door sensor", 
        "device-id": "156", 
        "event": "unlocked no keycard", 
        "guest-id": "n/a"
    }, 
    "1578175072": {
        "device": "door sensor", 
        "device-id": "156", 
        "event": "door closed", 
        "guest-id": "n/a"
    }, 
    "1578175080": {
        "device": "access point", 
        "device-id": "ap1-4", 
        "event": "user connected", 
        "guest-id": "Marc-Andre"
    }, 
    "1578175100": {
        "device": "access point", 
        "device-id": "ap1-4", 
        "event": "user disconnected", 
        "guest-id": "Marc-Andre"
    }, 
    "1578176700": {
        "device": "door sensor", 
        "device-id": "130", 
        "event": "unlocked no keycard", 
        "guest-id": "n/a"
    }, 
    "1578176707": {
        "device": "door sensor", 
        "device-id": "130", 
        "event": "door closed", 
        "guest-id": "n/a"
    }, 
    "1578176820": {
        "device": "door sensor", 
        "device-id": "130", 
        "event": "successful keycard unlock", 
        "guest-id": "Dave"
    }, 
    "1578176827": {
        "device": "door sensor", 
        "device-id": "130", 
        "event": "door closed", 
        "guest-id": "n/a"
    }, 
    "1578176880": {
        "device": "door sensor", 
        "device-id": "130", 
        "event": "unlocked no keycard", 
        "guest-id": "n/a"
    }, 
    "1578176887": {
        "device": "door sensor", 
        "device-id": "130", 
        "event": "door closed", 
        "guest-id": "n/a"
    }, 
    "1578176940": {
        "device": "door sensor", 
        "device-id": "130", 
        "event": "successful keycard unlock", 
        "guest-id": "Dave"
    }, 
    "1578176947": {
        "device": "door sensor", 
        "device-id": "130", 
        "event": "door closed", 
        "guest-id": "n/a"
    }, 
    "1578177000": {
        "device": "door sensor", 
        "device-id": "110", 
        "event": "unlocked no keycard", 
        "guest-id": "n/a"
    }, 
    "1578177002": {
        "device": "access point", 
        "device-id": "ap1-4", 
        "event": "user connected", 
        "guest-id": "Veronica"
    }, 
    "1578177004": {
        "device": "access point", 
        "device-id": "ap1-4", 
        "event": "user connected", 
        "guest-id": "Jason"
    }, 
    "1578177006": {
        "device": "access point", 
        "device-id": "ap1-4", 
        "event": "user connected", 
        "guest-id": "Thomas"
    }, 
    "1578177011": {
        "device": "access point", 
        "device-id": "ap1-4", 
        "event": "user connected", 
        "guest-id": "Eugene"
    }, 
    "1578177015": {
        "device": "access point", 
        "device-id": "ap1-3", 
        "event": "user connected", 
        "guest-id": "Eugene"
    }, 
    "1578177016": {
        "device": "access point", 
        "device-id": "ap1-4", 
        "event": "user connected", 
        "guest-id": "Alok"
    }, 
    "1578177018": {
        "device": "access point", 
        "device-id": "ap1-3", 
        "event": "user connected", 
        "guest-id": "Alok"
    }, 
    "1578177040": {
        "device": "door sensor", 
        "device-id": "110", 
        "event": "door closed", 
        "guest-id": "n/a"
    }, 
    "1578177300": {
        "device": "access point", 
        "device-id": "ap1-3", 
        "event": "user connected", 
        "guest-id": "Thomas"
    }, 
    "1578177360": {
        "device": "access point", 
        "device-id": "ap1-3", 
        "event": "user connected", 
        "guest-id": "Jason"
    }, 
    "1578177390": {
        "device": "access point", 
        "device-id": "ap1-2", 
        "event": "user connected", 
        "guest-id": "Veronica"
    }, 
    "1578177900": {
        "device": "door sensor", 
        "device-id": "130", 
        "event": "unlocked no keycard", 
        "guest-id": "n/a"
    }, 
    "1578177907": {
        "device": "door sensor", 
        "device-id": "130", 
        "event": "door closed", 
        "guest-id": "n/a"
    }, 
    "1578178080": {
        "device": "door sensor", 
        "device-id": "130", 
        "event": "successful keycard unlock", 
        "guest-id": "Dave"
    }, 
    "1578178087": {
        "device": "door sensor", 
        "device-id": "130", 
        "event": "door closed", 
        "guest-id": "n/a"
    }, 
    "1578178290": {
        "device": "access point", 
        "device-id": "ap1-3", 
        "event": "user connected", 
        "guest-id": "Veronica"
    }, 
    "1578180602": {
        "device": "door sensor", 
        "device-id": "130", 
        "event": "unlocked no keycard", 
        "guest-id": "n/a"
    }, 
    "1578180905": {
        "device": "door sensor", 
        "device-id": "130", 
        "event": "door closed", 
        "guest-id": "n/a"
    }, 
    "1578182423": {
        "device": "access point", 
        "device-id": "ap1-4", 
        "event": "user connected", 
        "guest-id": "Jason"
    }, 
    "1578182427": {
        "device": "access point", 
        "device-id": "ap1-4", 
        "event": "user disconnected", 
        "guest-id": "Jason"
    }, 
    "1578182433": {
        "device": "access point", 
        "device-id": "ap1-2", 
        "event": "user connected", 
        "guest-id": "Thomas"
    }, 
    "1578182434": {
        "device": "door sensor", 
        "device-id": "151", 
        "event": "successful keycard unlock", 
        "guest-id": "Thomas"
    }, 
    "1578182439": {
        "device": "door sensor", 
        "device-id": "151", 
        "event": "door closed", 
        "guest-id": "n/a"
    }, 
    "1578182458": {
        "device": "access point", 
        "device-id": "ap1-4", 
        "event": "user connected", 
        "guest-id": "Kristina"
    }, 
    "1578182462": {
        "device": "motion sensor", 
        "device-id": "elevator", 
        "event": "motion detected", 
        "guest-id": "n/a"
    }, 
    "1578182463": {
        "device": "access point", 
        "device-id": "ap2-1", 
        "event": "user connected", 
        "guest-id": "Veronica"
    }, 
    "1578182465": {
        "device": "door sensor", 
        "device-id": "210", 
        "event": "successful keycard unlock", 
        "guest-id": "Veronica"
    }, 
    "1578182530": {
        "device": "door sensor", 
        "device-id": "210", 
        "event": "door closed", 
        "guest-id": "n/a"
    }, 
    "1578182712": {
        "device": "access point", 
        "device-id": "ap1-4", 
        "event": "user connected", 
        "guest-id": "Alok"
    }, 
    "1578182720": {
        "device": "access point", 
        "device-id": "ap1-4", 
        "event": "user disconnected", 
        "guest-id": "Alok"
    }, 
    "1578183031": {
        "device": "access point", 
        "device-id": "ap1-4", 
        "event": "user connected", 
        "guest-id": "Eugene"
    }, 
    "1578183033": {
        "device": "access point", 
        "device-id": "ap1-4", 
        "event": "user disconnected", 
        "guest-id": "Eugene"
    }, 
    "1578184201": {
        "device": "door sensor", 
        "device-id": "210", 
        "event": "unlocked no keycard", 
        "guest-id": "n/a"
    }, 
    "1578184206": {
        "device": "door sensor", 
        "device-id": "210", 
        "event": "door closed", 
        "guest-id": "n/a"
    }, 
    "1578184207": {
        "device": "motion sensor", 
        "device-id": "elevator", 
        "event": "motion detected", 
        "guest-id": "n/a"
    }, 
    "1578184212": {
        "device": "access point", 
        "device-id": "ap1-4", 
        "event": "user connected", 
        "guest-id": "Jason"
    }, 
    "1578184217": {
        "device": "access point", 
        "device-id": "ap1-4", 
        "event": "user connected", 
        "guest-id": "Veronica"
    }, 
    "1578184284": {
        "device": "motion sensor", 
        "device-id": "elevator", 
        "event": "motion detected", 
        "guest-id": "n/a"
    }, 
    "1578184286": {
        "device": "motion sensor", 
        "device-id": "elevator", 
        "event": "motion detected", 
        "guest-id": "n/a"
    }, 
    "1578184290": {
        "device": "access point", 
        "device-id": "ap2-3", 
        "event": "user connected", 
        "guest-id": "Kristina"
    }, 
    "1578184292": {
        "device": "door sensor", 
        "device-id": "235", 
        "event": "successful keycard unlock", 
        "guest-id": "Kristina"
    }, 
    "1578184296": {
        "device": "door sensor", 
        "device-id": "235", 
        "event": "door closed", 
        "guest-id": "n/a"
    }, 
    "1578184297": {
        "device": "access point", 
        "device-id": "ap2-2", 
        "event": "user connected", 
        "guest-id": "Jason"
    }, 
    "1578184299": {
        "device": "door sensor", 
        "device-id": "241", 
        "event": "successful keycard unlock", 
        "guest-id": "Jason"
    }, 
    "1578184300": {
        "device": "access point", 
        "device-id": "ap1-2", 
        "event": "user connected", 
        "guest-id": "Veronica"
    }, 
    "1578184303": {
        "device": "door sensor", 
        "device-id": "241", 
        "event": "door closed", 
        "guest-id": "n/a"
    }, 
    "1578184308": {
        "device": "door sensor", 
        "device-id": "155", 
        "event": "successful keycard unlock", 
        "guest-id": "Veronica"
    }, 
    "1578184312": {
        "device": "door sensor", 
        "device-id": "155", 
        "event": "door closed", 
        "guest-id": "n/a"
    }, 
    "1578184314": {
        "device": "door sensor", 
        "device-id": "130", 
        "event": "unlocked no keycard", 
        "guest-id": "n/a"
    }, 
    "1578184318": {
        "device": "door sensor", 
        "device-id": "130", 
        "event": "door closed", 
        "guest-id": "n/a"
    }, 
    "1578184319": {
        "device": "access point", 
        "device-id": "ap1-4", 
        "event": "user connected", 
        "guest-id": "Dave"
    }, 
    "1578186005": {
        "device": "door sensor", 
        "device-id": "151", 
        "event": "unlocked no keycard", 
        "guest-id": "n/a"
    }, 
    "1578186010": {
        "device": "door sensor", 
        "device-id": "151", 
        "event": "door closed", 
        "guest-id": "n/a"
    }, 
    "1578186011": {
        "device": "door sensor", 
        "device-id": "155", 
        "event": "successful keycard unlock", 
        "guest-id": "Thomas"
    }, 
    "1578186016": {
        "device": "door sensor", 
        "device-id": "155", 
        "event": "door closed", 
        "guest-id": "n/a"
    }, 
    "1578186018": {
        "device": "door sensor", 
        "device-id": "130", 
        "event": "successful keycard unlock", 
        "guest-id": "Dave"
    }, 
    "1578186022": {
        "device": "door sensor", 
        "device-id": "130", 
        "event": "door closed", 
        "guest-id": "n/a"
    }, 
    "1578186122": {
        "device": "phone", 
        "device-id": "235", 
        "event": "off hook", 
        "guest-id": "n/a"
    }, 
    "1578186130": {
        "device": "phone", 
        "device-id": "reception", 
        "event": "off hook", 
        "guest-id": "n/a"
    }, 
    "1578186220": {
        "device": "phone", 
        "device-id": "235", 
        "event": "on hook", 
        "guest-id": "n/a"
    }, 
    "1578186222": {
        "device": "phone", 
        "device-id": "reception", 
        "event": "on hook", 
        "guest-id": "n/a"
    }, 
    "1578186271": {
        "device": "phone", 
        "device-id": "reception", 
        "event": "off hook", 
        "guest-id": "n/a"
    }, 
    "1578186273": {
        "device": "phone", 
        "device-id": "130", 
        "event": "off hook", 
        "guest-id": "n/a"
    }, 
    "1578186318": {
        "device": "phone", 
        "device-id": "reception", 
        "event": "on hook", 
        "guest-id": "n/a"
    }, 
    "1578186320": {
        "device": "phone", 
        "device-id": "130", 
        "event": "on hook", 
        "guest-id": "n/a"
    }, 
    "1578186330": {
        "device": "access point", 
        "device-id": "ap1-4", 
        "event": "user connected", 
        "guest-id": "Rob"
    }, 
    "1578186331": {
        "device": "access point", 
        "device-id": "ap1-2", 
        "event": "user connected", 
        "guest-id": "Rob"
    }, 
    "1578186333": {
        "device": "door sensor", 
        "device-id": "155", 
        "event": "successful keycard unlock", 
        "guest-id": "Rob"
    }, 
    "1578186337": {
        "device": "door sensor", 
        "device-id": "155", 
        "event": "door closed", 
        "guest-id": "n/a"
    }, 
    "1578187842": {
        "device": "door sensor", 
        "device-id": "155", 
        "event": "unlocked no keycard", 
        "guest-id": "n/a"
    }, 
    "1578187847": {
        "device": "door sensor", 
        "device-id": "155", 
        "event": "door closed", 
        "guest-id": "n/a"
    }, 
    "1578187849": {
        "device": "door sensor", 
        "device-id": "155", 
        "event": "unlocked no keycard", 
        "guest-id": "n/a"
    }, 
    "1578187852": {
        "device": "door sensor", 
        "device-id": "155", 
        "event": "door closed", 
        "guest-id": "n/a"
    }, 
    "1578187853": {
        "device": "door sensor", 
        "device-id": "150", 
        "event": "unlocked no keycard", 
        "guest-id": "n/a"
    }, 
    "1578187854": {
        "device": "motion sensor", 
        "device-id": "stairwell", 
        "event": "motion detected", 
        "guest-id": "n/a"
    }, 
    "1578187855": {
        "device": "door sensor", 
        "device-id": "150", 
        "event": "door closed", 
        "guest-id": "n/a"
    }, 
    "1578187862": {
        "device": "motion sensor", 
        "device-id": "elevator", 
        "event": "motion detected", 
        "guest-id": "n/a"
    }, 
    "1578187865": {
        "device": "access point", 
        "device-id": "ap2-3", 
        "event": "user connected", 
        "guest-id": "Thomas"
    }, 
    "1578187866": {
        "device": "access point", 
        "device-id": "ap2-2", 
        "event": "user connected", 
        "guest-id": "Thomas"
    }, 
    "1578187867": {
        "device": "door sensor", 
        "device-id": "248", 
        "event": "successful keycard unlock", 
        "guest-id": "Thomas"
    }, 
    "1578187871": {
        "device": "door sensor", 
        "device-id": "248", 
        "event": "door closed", 
        "guest-id": "n/a"
    }, 
    "1578187992": {
        "device": "door sensor", 
        "device-id": "250", 
        "event": "unlocked no keycard", 
        "guest-id": "n/a"
    }, 
    "1578187993": {
        "device": "motion sensor", 
        "device-id": "stairwell", 
        "event": "motion detected", 
        "guest-id": "n/a"
    }, 
    "1578187998": {
        "device": "door sensor", 
        "device-id": "250", 
        "event": "door closed", 
        "guest-id": "n/a"
    }, 
    "1578188000": {
        "device": "access point", 
        "device-id": "ap2-2", 
        "event": "user connected", 
        "guest-id": "Veronica"
    }, 
    "1578188003": {
        "device": "access point", 
        "device-id": "ap2-3", 
        "event": "user connected", 
        "guest-id": "Veronica"
    }, 
    "1578188006": {
        "device": "access point", 
        "device-id": "ap2-1", 
        "event": "user connected", 
        "guest-id": "Veronica"
    }, 
    "1578188054": {
        "device": "door sensor", 
        "device-id": "210", 
        "event": "successful keycard unlock", 
        "guest-id": "Veronica"
    }, 
    "1578188056": {
        "device": "door sensor", 
        "device-id": "210", 
        "event": "door closed", 
        "guest-id": "n/a"
    }, 
    "1578188192": {
        "device": "phone", 
        "device-id": "210", 
        "event": "off hook", 
        "guest-id": "n/a"
    }, 
    "1578188195": {
        "device": "phone", 
        "device-id": "reception", 
        "event": "off hook", 
        "guest-id": "n/a"
    }, 
    "1578188278": {
        "device": "phone", 
        "device-id": "210", 
        "event": "on hook", 
        "guest-id": "n/a"
    }, 
    "1578188279": {
        "device": "phone", 
        "device-id": "reception", 
        "event": "on hook", 
        "guest-id": "n/a"
    }, 
    "1578188401": {
        "device": "door sensor", 
        "device-id": "130", 
        "event": "unlocked no keycard", 
        "guest-id": "n/a"
    }, 
    "1578188403": {
        "device": "door sensor", 
        "device-id": "130", 
        "event": "door closed", 
        "guest-id": "n/a"
    }, 
    "1578188491": {
        "device": "motion sensor", 
        "device-id": "elevator", 
        "event": "motion detected", 
        "guest-id": "n/a"
    }, 
    "1578188500": {
        "device": "access point", 
        "device-id": "ap2-3", 
        "event": "user connected", 
        "guest-id": "Dave"
    }, 
    "1578188570": {
        "device": "door sensor", 
        "device-id": "235", 
        "event": "unlocked no keycard", 
        "guest-id": "n/a"
    }, 
    "1578188572": {
        "device": "door sensor", 
        "device-id": "235", 
        "event": "door closed", 
        "guest-id": "n/a"
    }, 
    "1578190047": {
        "device": "door sensor", 
        "device-id": "150", 
        "event": "unlocked no keycard", 
        "guest-id": "n/a"
    }, 
    "1578190049": {
        "device": "motion sensor", 
        "device-id": "stairwell", 
        "event": "motion detected", 
        "guest-id": "n/a"
    }, 
    "1578190052": {
        "device": "door sensor", 
        "device-id": "150", 
        "event": "door closed", 
        "guest-id": "n/a"
    }, 
    "1578190073": {
        "device": "door sensor", 
        "device-id": "235", 
        "event": "unlocked no keycard", 
        "guest-id": "n/a"
    }, 
    "1578190077": {
        "device": "door sensor", 
        "device-id": "235", 
        "event": "door closed", 
        "guest-id": "n/a"
    }, 
    "1578190085": {
        "device": "motion sensor", 
        "device-id": "stairwell", 
        "event": "motion detected", 
        "guest-id": "n/a"
    }, 
    "1578190087": {
        "device": "door sensor", 
        "device-id": "250", 
        "event": "unlocked no keycard", 
        "guest-id": "n/a"
    }, 
    "1578190092": {
        "device": "door sensor", 
        "device-id": "250", 
        "event": "door closed", 
        "guest-id": "n/a"
    }, 
    "1578190095": {
        "device": "motion sensor", 
        "device-id": "elevator", 
        "event": "motion detected", 
        "guest-id": "n/a"
    }, 
    "1578190104": {
        "device": "access point", 
        "device-id": "ap1-4", 
        "event": "user connected", 
        "guest-id": "Kristina"
    }, 
    "1578190114": {
        "device": "access point", 
        "device-id": "ap1-4", 
        "event": "user disconnected", 
        "guest-id": "Kristina"
    }, 
    "1578190121": {
        "device": "door sensor", 
        "device-id": "210", 
        "event": "unlocked no keycard", 
        "guest-id": "n/a"
    }, 
    "1578190180": {
        "device": "door sensor", 
        "device-id": "250", 
        "event": "unlocked no keycard", 
        "guest-id": "n/a"
    }, 
    "1578190182": {
        "device": "motion sensor", 
        "device-id": "stairwell", 
        "event": "motion detected", 
        "guest-id": "n/a"
    }, 
    "1578190185": {
        "device": "door sensor", 
        "device-id": "250", 
        "event": "door closed", 
        "guest-id": "n/a"
    }, 
    "1578190215": {
        "device": "motion sensor", 
        "device-id": "stairwell", 
        "event": "motion detected", 
        "guest-id": "n/a"
    }, 
    "1578190217": {
        "device": "door sensor", 
        "device-id": "150", 
        "event": "unlocked no keycard", 
        "guest-id": "n/a"
    }, 
    "1578190221": {
        "device": "door sensor", 
        "device-id": "150", 
        "event": "door closed", 
        "guest-id": "n/a"
    }, 
    "1578190316": {
        "device": "access point", 
        "device-id": "ap1-4", 
        "event": "user connected", 
        "guest-id": "Kristina"
    }, 
    "1578190335": {
        "device": "motion sensor", 
        "device-id": "elevator", 
        "event": "motion detected", 
        "guest-id": "n/a"
    }, 
    "1578190344": {
        "device": "access point", 
        "device-id": "ap2-3", 
        "event": "user connected", 
        "guest-id": "Kristina"
    }, 
    "1578190368": {
        "device": "door sensor", 
        "device-id": "235", 
        "event": "successful keycard unlock", 
        "guest-id": "Kristina"
    }, 
    "1578190373": {
        "device": "door sensor", 
        "device-id": "235", 
        "event": "door closed", 
        "guest-id": "n/a"
    }, 
    "1578191669": {
        "device": "door sensor", 
        "device-id": "248", 
        "event": "unlocked no keycard", 
        "guest-id": "n/a"
    }, 
    "1578191674": {
        "device": "door sensor", 
        "device-id": "248", 
        "event": "door closed", 
        "guest-id": "n/a"
    }, 
    "1578191683": {
        "device": "access point", 
        "device-id": "ap2-3", 
        "event": "user connected", 
        "guest-id": "Thomas"
    }, 
    "1578191696": {
        "device": "access point", 
        "device-id": "ap2-1", 
        "event": "user connected", 
        "guest-id": "Thomas"
    }, 
    "1578191957": {
        "device": "phone", 
        "device-id": "231", 
        "event": "off hook", 
        "guest-id": "n/a"
    }, 
    "1578191961": {
        "device": "phone", 
        "device-id": "reception", 
        "event": "off hook", 
        "guest-id": "n/a"
    }, 
    "1578191989": {
        "device": "phone", 
        "device-id": "231", 
        "event": "on hook", 
        "guest-id": "n/a"
    }, 
    "1578191990": {
        "device": "phone", 
        "device-id": "reception", 
        "event": "on hook", 
        "guest-id": "n/a"
    }, 
    "1578192004": {
        "device": "access point", 
        "device-id": "ap2-3", 
        "event": "user connected", 
        "guest-id": "Thomas"
    }, 
    "1578192020": {
        "device": "access point", 
        "device-id": "ap2-2", 
        "event": "user connected", 
        "guest-id": "Thomas"
    }, 
    "1578192023": {
        "device": "motion sensor", 
        "device-id": "elevator", 
        "event": "motion detected", 
        "guest-id": "n/a"
    }, 
    "1578192032": {
        "device": "access point", 
        "device-id": "ap2-1", 
        "event": "user connected", 
        "guest-id": "Salina"
    }, 
    "1578192033": {
        "device": "door sensor", 
        "device-id": "248", 
        "event": "successful keycard unlock", 
        "guest-id": "Thomas"
    }, 
    "1578192038": {
        "device": "door sensor", 
        "device-id": "248", 
        "event": "door closed", 
        "guest-id": "n/a"
    }, 
    "1578192121": {
        "device": "motion sensor", 
        "device-id": "elevator", 
        "event": "motion detected", 
        "guest-id": "n/a"
    }, 
    "1578192125": {
        "device": "access point", 
        "device-id": "ap1-4", 
        "event": "user connected", 
        "guest-id": "Salina"
    }, 
    "1578193305": {
        "device": "access point", 
        "device-id": "ap1-4", 
        "event": "new client", 
        "guest-id": "Harrison"
    }, 
    "1578195372": {
        "device": "door sensor", 
        "device-id": "241", 
        "event": "unlocked no keycard", 
        "guest-id": "n/a"
    }, 
    "1578195377": {
        "device": "door sensor", 
        "device-id": "241", 
        "event": "door closed", 
        "guest-id": "n/a"
    }, 
    "1578195383": {
        "device": "access point", 
        "device-id": "ap2-3", 
        "event": "user connected", 
        "guest-id": "Jason"
    }, 
    "1578195400": {
        "device": "access point", 
        "device-id": "ap2-1", 
        "event": "user connected", 
        "guest-id": "Jason"
    }, 
    "1578195410": {
        "device": "door sensor", 
        "device-id": "210", 
        "event": "door closed", 
        "guest-id": "n/a"
    }, 
    "1578195748": {
        "device": "door sensor", 
        "device-id": "210", 
        "event": "unlocked no keycard", 
        "guest-id": "n/a"
    }, 
    "1578195753": {
        "device": "door sensor", 
        "device-id": "210", 
        "event": "door closed", 
        "guest-id": "n/a"
    }, 
    "1578195770": {
        "device": "access point", 
        "device-id": "ap2-3", 
        "event": "user connected", 
        "guest-id": "Jason"
    }, 
    "1578195785": {
        "device": "access point", 
        "device-id": "ap2-2", 
        "event": "user connected", 
        "guest-id": "Jason"
    }, 
    "1578195788": {
        "device": "door sensor", 
        "device-id": "241", 
        "event": "successful keycard unlock", 
        "guest-id": "Jason"
    }, 
    "1578195793": {
        "device": "door sensor", 
        "device-id": "241", 
        "event": "door closed", 
        "guest-id": "n/a"
    }, 
    "1578195848": {
        "device": "door sensor", 
        "device-id": "235", 
        "event": "unlocked no keycard", 
        "guest-id": "n/a"
    }, 
    "1578195853": {
        "device": "door sensor", 
        "device-id": "235", 
        "event": "door closed", 
        "guest-id": "n/a"
    }, 
    "1578195868": {
        "device": "motion sensor", 
        "device-id": "ice machine", 
        "event": "motion detected", 
        "guest-id": "n/a"
    }, 
    "1578195883": {
        "device": "door sensor", 
        "device-id": "235", 
        "event": "successful keycard unlock", 
        "guest-id": "Kristina"
    }, 
    "1578195887": {
        "device": "door sensor", 
        "device-id": "235", 
        "event": "door closed", 
        "guest-id": "n/a"
    }, 
    "1578196981": {
        "device": "door sensor", 
        "device-id": "241", 
        "event": "unlocked no keycard", 
        "guest-id": "n/a"
    }, 
    "1578196986": {
        "device": "door sensor", 
        "device-id": "241", 
        "event": "door closed", 
        "guest-id": "n/a"
    }, 
    "1578196990": {
        "device": "access point", 
        "device-id": "ap2-3", 
        "event": "user connected", 
        "guest-id": "Jason"
    }, 
    "1578197005": {
        "device": "motion sensor", 
        "device-id": "elevator", 
        "event": "motion detected", 
        "guest-id": "n/a"
    }, 
    "1578197008": {
        "device": "access point", 
        "device-id": "ap1-4", 
        "event": "user connected", 
        "guest-id": "Jason"
    }, 
    "1578197025": {
        "device": "access point", 
        "device-id": "ap1-4", 
        "event": "user disconnected", 
        "guest-id": "Jason"
    }, 
    "1578199628": {
        "device": "door sensor", 
        "device-id": "235", 
        "event": "unlocked no keycard", 
        "guest-id": "n/a"
    }, 
    "1578199633": {
        "device": "door sensor", 
        "device-id": "235", 
        "event": "door closed", 
        "guest-id": "n/a"
    }, 
    "1578199648": {
        "device": "motion sensor", 
        "device-id": "elevator", 
        "event": "motion detected", 
        "guest-id": "n/a"
    }, 
    "1578199656": {
        "device": "access point", 
        "device-id": "ap1-4", 
        "event": "user connected", 
        "guest-id": "Kristina"
    }, 
    "1578199897": {
        "device": "motion sensor", 
        "device-id": "elevator", 
        "event": "motion detected", 
        "guest-id": "n/a"
    }, 
    "1578199906": {
        "device": "access point", 
        "device-id": "ap2-3", 
        "event": "user connected", 
        "guest-id": "Kristina"
    }, 
    "1578199930": {
        "device": "door sensor", 
        "device-id": "235", 
        "event": "successful keycard unlock", 
        "guest-id": "Kristina"
    }, 
    "1578199936": {
        "device": "door sensor", 
        "device-id": "235", 
        "event": "door closed", 
        "guest-id": "n/a"
    }, 
    "1578212696": {
        "device": "access point", 
        "device-id": "ap1-4", 
        "event": "user connected", 
        "guest-id": "Jason"
    }, 
    "1578212715": {
        "device": "motion sensor", 
        "device-id": "elevator", 
        "event": "motion detected", 
        "guest-id": "n/a"
    }, 
    "1578212718": {
        "device": "access point", 
        "device-id": "ap2-3", 
        "event": "user connected", 
        "guest-id": "Jason"
    }, 
    "1578212731": {
        "device": "access point", 
        "device-id": "ap2-2", 
        "event": "user connected", 
        "guest-id": "Jason"
    }, 
    "1578212737": {
        "device": "door sensor", 
        "device-id": "241", 
        "event": "unlocked no keycard", 
        "guest-id": "n/a"
    }, 
    "1578212741": {
        "device": "door sensor", 
        "device-id": "241", 
        "event": "door closed", 
        "guest-id": "n/a"
    }, 
    "1578232040": {
        "device": "door sensor", 
        "device-id": "241", 
        "event": "unlocked no keycard", 
        "guest-id": "n/a"
    }, 
    "1578232043": {
        "device": "access point", 
        "device-id": "ap2-3", 
        "event": "user connected", 
        "guest-id": "Jason"
    }, 
    "1578232047": {
        "device": "door sensor", 
        "device-id": "241", 
        "event": "door closed", 
        "guest-id": "n/a"
    }, 
    "1578232062": {
        "device": "motion sensor", 
        "device-id": "elevator", 
        "event": "motion detected", 
        "guest-id": "n/a"
    }, 
    "1578232077": {
        "device": "access point", 
        "device-id": "ap1-4", 
        "event": "user connected", 
        "guest-id": "Jason"
    }, 
    "1578232320": {
        "device": "door sensor", 
        "device-id": "248", 
        "event": "unlocked no keycard", 
        "guest-id": "n/a"
    }, 
    "1578232323": {
        "device": "access point", 
        "device-id": "ap2-3", 
        "event": "user connected", 
        "guest-id": "Thomas"
    }, 
    "1578232327": {
        "device": "door sensor", 
        "device-id": "248", 
        "event": "door closed", 
        "guest-id": "n/a"
    }, 
    "1578232347": {
        "device": "motion sensor", 
        "device-id": "elevator", 
        "event": "motion detected", 
        "guest-id": "n/a"
    }, 
    "1578232362": {
        "device": "access point", 
        "device-id": "ap1-4", 
        "event": "user connected", 
        "guest-id": "Thomas"
    }, 
    "1578232680": {
        "device": "access point", 
        "device-id": "ap1-4", 
        "event": "user connected", 
        "guest-id": "Marc-Andre"
    }, 
    "1578232700": {
        "device": "access point", 
        "device-id": "ap1-2", 
        "event": "user connected", 
        "guest-id": "Marc-Andre"
    }, 
    "1578232705": {
        "device": "door sensor", 
        "device-id": "156", 
        "event": "successful keycard unlock", 
        "guest-id": "Marc-Andre"
    }, 
    "1578232712": {
        "device": "door sensor", 
        "device-id": "156", 
        "event": "door closed", 
        "guest-id": "n/a"
    }, 
    "1578233040": {
        "device": "door sensor", 
        "device-id": "156b", 
        "event": "successful keycard unlock", 
        "guest-id": "Marc-Andre"
    }, 
    "1578233047": {
        "device": "door sensor", 
        "device-id": "156b", 
        "event": "door closed", 
        "guest-id": "n/a"
    }, 
    "1578233220": {
        "device": "door sensor", 
        "device-id": "156b", 
        "event": "unlocked no keycard", 
        "guest-id": "n/a"
    }, 
    "1578233227": {
        "device": "door sensor", 
        "device-id": "156b", 
        "event": "door closed", 
        "guest-id": "n/a"
    }, 
    "1578233280": {
        "device": "door sensor", 
        "device-id": "156", 
        "event": "unlocked no keycard", 
        "guest-id": "n/a"
    }, 
    "1578233287": {
        "device": "door sensor", 
        "device-id": "156", 
        "event": "door closed", 
        "guest-id": "n/a"
    }, 
    "1578233294": {
        "device": "access point", 
        "device-id": "ap1-4", 
        "event": "user connected", 
        "guest-id": "Marc-Andre"
    }, 
    "1578233302": {
        "device": "motion sensor", 
        "device-id": "elevator", 
        "event": "motion detected", 
        "guest-id": "n/a"
    }, 
    "1578233330": {
        "device": "access point", 
        "device-id": "ap2-3", 
        "event": "user connected", 
        "guest-id": "Marc-Andre"
    }, 
    "1578233333": {
        "device": "access point", 
        "device-id": "ap2-1", 
        "event": "user connected", 
        "guest-id": "Marc-Andre"
    }, 
    "1578233334": {
        "device": "door sensor", 
        "device-id": "232", 
        "event": "successful keycard unlock", 
        "guest-id": "Marc-Andre"
    }, 
    "1578233336": {
        "device": "door sensor", 
        "device-id": "232", 
        "event": "door closed", 
        "guest-id": "n/a"
    }, 
    "1578234000": {
        "device": "motion sensor", 
        "device-id": "elevator", 
        "event": "motion detected", 
        "guest-id": "n/a"
    }, 
    "1578234060": {
        "device": "access point", 
        "device-id": "ap1-4", 
        "event": "user disconnected", 
        "guest-id": "Jason"
    }, 
    "1578234085": {
        "device": "access point", 
        "device-id": "ap2-3", 
        "event": "user connected", 
        "guest-id": "Thomas"
    }, 
    "1578234088": {
        "device": "access point", 
        "device-id": "ap2-1", 
        "event": "user connected", 
        "guest-id": "Thomas"
    }, 
    "1578234210": {
        "device": "access point", 
        "device-id": "ap2-3", 
        "event": "user connected", 
        "guest-id": "Thomas"
    }, 
    "1578234240": {
        "device": "motion sensor", 
        "device-id": "elevator", 
        "event": "motion detected", 
        "guest-id": "n/a"
    }, 
    "1578234300": {
        "device": "access point", 
        "device-id": "ap1-4", 
        "event": "user connected", 
        "guest-id": "Thomas"
    }, 
    "1578234900": {
        "device": "door sensor", 
        "device-id": "232", 
        "event": "unlocked no keycard", 
        "guest-id": "n/a"
    }, 
    "1578234907": {
        "device": "door sensor", 
        "device-id": "232", 
        "event": "door closed", 
        "guest-id": "n/a"
    }, 
    "1578234912": {
        "device": "door sensor", 
        "device-id": "220", 
        "event": "successful keycard unlock", 
        "guest-id": "Marc-Andre"
    }, 
    "1578234919": {
        "device": "door sensor", 
        "device-id": "220", 
        "event": "door closed", 
        "guest-id": "n/a"
    }, 
    "1578236400": {
        "device": "door sensor", 
        "device-id": "220", 
        "event": "unlocked no keycard", 
        "guest-id": "n/a"
    }, 
    "1578236407": {
        "device": "door sensor", 
        "device-id": "220", 
        "event": "door closed", 
        "guest-id": "n/a"
    }, 
    "1578236412": {
        "device": "door sensor", 
        "device-id": "210", 
        "event": "successful keycard unlock", 
        "guest-id": "Marc-Andre"
    }, 
    "1578236419": {
        "device": "door sensor", 
        "device-id": "210", 
        "event": "door closed", 
        "guest-id": "n/a"
    }, 
    "1578236422": {
        "device": "phone", 
        "device-id": "210", 
        "event": "off hook", 
        "guest-id": "n/a"
    }, 
    "1578236424": {
        "device": "phone", 
        "device-id": "lobby", 
        "event": "off hook", 
        "guest-id": "n/a"
    }, 
    "1578236434": {
        "device": "phone", 
        "device-id": "210", 
        "event": "on hook", 
        "guest-id": "n/a"
    }, 
    "1578236441": {
        "device": "phone", 
        "device-id": "lobby", 
        "event": "on hook", 
        "guest-id": "n/a"
    }, 
    "1578236460": {
        "device": "phone", 
        "device-id": "lobby", 
        "event": "off hook", 
        "guest-id": "n/a"
    }, 
    "1578236760": {
        "device": "phone", 
        "device-id": "lobby", 
        "event": "on hook", 
        "guest-id": "n/a"
    }
}